{
    "accuracy": 0.7951,
    "macro_precision": 0.5902,
    "macro_recall": 0.6385,
    "macro_f1": 0.605,
    "per_class": {
        "negative": {
            "precision": 0.6104,
            "recall": 0.701,
            "f1": 0.6526,
            "support": 485
        },
        "neutral": {
            "precision": 0.2,
            "recall": 0.3571,
            "f1": 0.2564,
            "support": 196
        },
        "positive": {
            "precision": 0.9602,
            "recall": 0.8573,
            "f1": 0.9059,
            "support": 2110
        }
    },
    "classification_report": {
        "negative": {
            "precision": 0.6104129263913824,
            "recall": 0.7010309278350515,
            "f1-score": 0.6525911708253359,
            "support": 485.0
        },
        "neutral": {
            "precision": 0.2,
            "recall": 0.35714285714285715,
            "f1-score": 0.2564102564102564,
            "support": 196.0
        },
        "positive": {
            "precision": 0.9601910828025477,
            "recall": 0.8573459715639811,
            "f1-score": 0.9058587881822734,
            "support": 2110.0
        },
        "accuracy": 0.7950555356503045,
        "macro avg": {
            "precision": 0.5902013363979767,
            "recall": 0.6385065855139632,
            "f1-score": 0.6049534051392885,
            "support": 2791.0
        },
        "weighted avg": {
            "precision": 0.8460241684031518,
            "recall": 0.7950555356503045,
            "f1-score": 0.8162397603623416,
            "support": 2791.0
        }
    }
}